sessionID,trackingEpoch,sequence,sampleTimeNs,targetTimeNs,elapsedSeconds,pattern
18413427306192508518,1,1,158164592031000,158164592031000,0.000001,sweep
18413427306192508518,1,2,158164603617200,158164603617200,0.011495,sweep
18413427306192508518,1,3,158164614580700,158164614580700,0.022538,sweep
18413427306192508518,1,4,158164625604100,158164625604100,0.033558,sweep
18413427306192508518,1,5,158164636612400,158164636612400,0.044574,sweep
18413427306192508518,1,6,158164647824500,158164647824500,0.055779,sweep
18413427306192508518,1,7,158164659031000,158164659031000,0.066988,sweep
18413427306192508518,1,8,158164670048400,158164670048400,0.078011,sweep
18413427306192508518,1,9,158164681118400,158164681118400,0.089076,sweep
18413427306192508518,1,10,158164692152000,158164692152000,0.100112,sweep
18413427306192508518,1,11,158164703466800,158164703466800,0.111353,sweep
18413427306192508518,1,12,158164714629100,158164714629100,0.122565,sweep
18413427306192508518,1,13,158164725723200,158164725723200,0.133679,sweep
18413427306192508518,1,14,158164736993600,158164736993600,0.144950,sweep
18413427306192508518,1,15,158164748029400,158164748029400,0.155986,sweep
18413427306192508518,1,16,158164759101000,158164759101000,0.167058,sweep
18413427306192508518,1,17,158164770120000,158164770120000,0.178077,sweep
18413427306192508518,1,18,158164781187900,158164781187900,0.189145,sweep
18413427306192508518,1,19,158164792410400,158164792410400,0.200316,sweep
18413427306192508518,1,20,158164803462900,158164803462900,0.211365,sweep
18413427306192508518,1,21,158164814567700,158164814567700,0.222522,sweep
18413427306192508518,1,22,158164825588000,158164825588000,0.233547,sweep
18413427306192508518,1,23,158164837060700,158164837060700,0.245011,sweep
18413427306192508518,1,24,158164848090700,158164848090700,0.256048,sweep
18413427306192508518,1,25,158164859108800,158164859108800,0.267068,sweep
18413427306192508518,1,26,158164870337400,158164870337400,0.278274,sweep
18413427306192508518,1,27,158164881175600,158164881175600,0.289126,sweep
18413427306192508518,1,28,158164892556600,158164892556600,0.300505,sweep
18413427306192508518,1,29,158164903722400,158164903722400,0.311622,sweep
18413427306192508518,1,30,158164914713900,158164914713900,0.322664,sweep
18413427306192508518,1,31,158164925469500,158164925469500,0.333420,sweep
18413427306192508518,1,32,158164936991500,158164936991500,0.344951,sweep
18413427306192508518,1,33,158164948160100,158164948160100,0.356089,sweep
18413427306192508518,1,34,158164959067500,158164959067500,0.367023,sweep
18413427306192508518,1,35,158164970084400,158164970084400,0.378044,sweep
18413427306192508518,1,36,158164981328800,158164981328800,0.389285,sweep
18413427306192508518,1,37,158164992354200,158164992354200,0.400309,sweep
18413427306192508518,1,38,158165003443600,158165003443600,0.411405,sweep
18413427306192508518,1,39,158165014769100,158165014769100,0.422665,sweep
18413427306192508518,1,40,158165025729600,158165025729600,0.433687,sweep
18413427306192508518,1,41,158165036740900,158165036740900,0.444702,sweep
18413427306192508518,1,42,158165047784300,158165047784300,0.455741,sweep
18413427306192508518,1,43,158165058929200,158165058929200,0.466889,sweep
18413427306192508518,1,44,158165069940300,158165069940300,0.477899,sweep
18413427306192508518,1,45,158165081475800,158165081475800,0.489423,sweep
18413427306192508518,1,46,158165092596600,158165092596600,0.500552,sweep
18413427306192508518,1,47,158165103448400,158165103448400,0.511395,sweep
18413427306192508518,1,48,158165114757700,158165114757700,0.522625,sweep
18413427306192508518,1,49,158165125935700,158165125935700,0.533887,sweep
18413427306192508518,1,50,158165136657700,158165136657700,0.544615,sweep
18413427306192508518,1,51,158165147714000,158165147714000,0.555652,sweep
18413427306192508518,1,52,158165158881200,158165158881200,0.566826,sweep
18413427306192508518,1,53,158165170051900,158165170051900,0.578010,sweep
18413427306192508518,1,54,158165181218000,158165181218000,0.589166,sweep
18413427306192508518,1,55,158165192493400,158165192493400,0.600432,sweep
18413427306192508518,1,56,158165203282000,158165203282000,0.611238,sweep
18413427306192508518,1,57,158165214405400,158165214405400,0.622357,sweep
18413427306192508518,1,58,158165225691800,158165225691800,0.633590,sweep
18413427306192508518,1,59,158165236657700,158165236657700,0.644615,sweep
18413427306192508518,1,60,158165247697700,158165247697700,0.655651,sweep
18413427306192508518,1,61,158165259122400,158165259122400,0.667077,sweep
18413427306192508518,1,62,158165270135000,158165270135000,0.678093,sweep
18413427306192508518,1,63,158165281399100,158165281399100,0.689343,sweep
18413427306192508518,1,64,158165292141100,158165292141100,0.700099,sweep
18413427306192508518,1,65,158165303787500,158165303787500,0.711720,sweep
18413427306192508518,1,66,158165314697400,158165314697400,0.722642,sweep
18413427306192508518,1,67,158165325801000,158165325801000,0.733688,sweep
18413427306192508518,1,68,158165336733200,158165336733200,0.744693,sweep
18413427306192508518,1,69,158165347762500,158165347762500,0.755718,sweep
18413427306192508518,1,70,158165358858100,158165358858100,0.766791,sweep
18413427306192508518,1,71,158165370098900,158165370098900,0.778052,sweep
18413427306192508518,1,72,158165381126300,158165381126300,0.789080,sweep
18413427306192508518,1,73,158165392346600,158165392346600,0.800301,sweep
18413427306192508518,1,74,158165403371100,158165403371100,0.811329,sweep
18413427306192508518,1,75,158165414605900,158165414605900,0.822560,sweep
18413427306192508518,1,76,158165425703400,158165425703400,0.833649,sweep
18413427306192508518,1,77,158165436648700,158165436648700,0.844539,sweep
18413427306192508518,1,78,158165447915000,158165447915000,0.855869,sweep
18413427306192508518,1,79,158165459123300,158165459123300,0.867076,sweep
18413427306192508518,1,80,158165470136800,158165470136800,0.878097,sweep
18413427306192508518,1,81,158165481197500,158165481197500,0.889149,sweep
18413427306192508518,1,82,158165492279400,158165492279400,0.900228,sweep
18413427306192508518,1,83,158165503383400,158165503383400,0.911344,sweep
18413427306192508518,1,84,158165514377600,158165514377600,0.922329,sweep
18413427306192508518,1,85,158165525855500,158165525855500,0.933811,sweep
18413427306192508518,1,86,158165536936000,158165536936000,0.944833,sweep
18413427306192508518,1,87,158165547916500,158165547916500,0.955871,sweep
18413427306192508518,1,88,158165558951800,158165558951800,0.966908,sweep
18413427306192508518,1,89,158165569991700,158165569991700,0.977948,sweep
18413427306192508518,1,90,158165581056800,158165581056800,0.989010,sweep
18413427306192508518,1,91,158165592599200,158165592599200,1.000552,sweep
18413427306192508518,1,92,158165603263800,158165603263800,1.011221,sweep
18413427306192508518,1,93,158165614467400,158165614467400,1.022408,sweep
18413427306192508518,1,94,158165625884000,158165625884000,1.033840,sweep
18413427306192508518,1,95,158165636848600,158165636848600,1.044734,sweep
18413427306192508518,1,96,158165647770800,158165647770800,1.055726,sweep
18413427306192508518,1,97,158165658802400,158165658802400,1.066756,sweep
18413427306192508518,1,98,158165670391400,158165670391400,1.078349,sweep
18413427306192508518,1,99,158165681069100,158165681069100,1.089020,sweep
18413427306192508518,1,100,158165692449000,158165692449000,1.100395,sweep
18413427306192508518,1,101,158165703466900,158165703466900,1.111424,sweep
18413427306192508518,1,102,158165714701500,158165714701500,1.122657,sweep
18413427306192508518,1,103,158165725702900,158165725702900,1.133659,sweep
18413427306192508518,1,104,158165736722700,158165736722700,1.144678,sweep
18413427306192508518,1,105,158165747784400,158165747784400,1.155679,sweep
18413427306192508518,1,106,158165758841900,158165758841900,1.166791,sweep
18413427306192508518,1,107,158165769959700,158165769959700,1.177917,sweep
18413427306192508518,1,108,158165780991400,158165780991400,1.188946,sweep
18413427306192508518,1,109,158165792583500,158165792583500,1.200528,sweep
18413427306192508518,1,110,158165803597300,158165803597300,1.211558,sweep
18413427306192508518,1,111,158165814831600,158165814831600,1.222750,sweep
18413427306192508518,1,112,158165825712300,158165825712300,1.233663,sweep
18413427306192508518,1,113,158165836692100,158165836692100,1.244653,sweep
18413427306192508518,1,114,158165847844600,158165847844600,1.255788,sweep
18413427306192508518,1,115,158165858949200,158165858949200,1.266846,sweep
18413427306192508518,1,116,158165869964900,158165869964900,1.277918,sweep
18413427306192508518,1,117,158165881393800,158165881393800,1.289344,sweep
18413427306192508518,1,118,158165892617500,158165892617500,1.300547,sweep
18413427306192508518,1,119,158165903494100,158165903494100,1.311451,sweep
18413427306192508518,1,120,158165914713800,158165914713800,1.322669,sweep
18413427306192508518,1,121,158165925737600,158165925737600,1.333693,sweep
18413427306192508518,1,122,158165937099100,158165937099100,1.345049,sweep
18413427306192508518,1,123,158165948081500,158165948081500,1.356038,sweep
18413427306192508518,1,124,158165958859800,158165958859800,1.366740,sweep
18413427306192508518,1,125,158165970499000,158165970499000,1.378437,sweep
18413427306192508518,1,126,158165981059900,158165981059900,1.389011,sweep
18413427306192508518,1,127,158165992323800,158165992323800,1.400277,sweep
18413427306192508518,1,128,158166003342100,158166003342100,1.411300,sweep
18413427306192508518,1,129,158166014392300,158166014392300,1.422346,sweep
18413427306192508518,1,130,158166025885500,158166025885500,1.433841,sweep
18413427306192508518,1,131,158166036917300,158166036917300,1.444868,sweep
18413427306192508518,1,132,158166048064200,158166048064200,1.455989,sweep
18413427306192508518,1,133,158166058837000,158166058837000,1.466790,sweep
18413427306192508518,1,134,158166070219300,158166070219300,1.478118,sweep
18413427306192508518,1,135,158166081179300,158166081179300,1.489135,sweep
18413427306192508518,1,136,158166092502100,158166092502100,1.500445,sweep
18413427306192508518,1,137,158166103483500,158166103483500,1.511428,sweep
18413427306192508518,1,138,158166114580600,158166114580600,1.522538,sweep
18413427306192508518,1,139,158166125857200,158166125857200,1.533791,sweep
18413427306192508518,1,140,158166136633000,158166136633000,1.544590,sweep
18413427306192508518,1,141,158166147671500,158166147671500,1.555626,sweep
18413427306192508518,1,142,158166159131800,158166159131800,1.567083,sweep
18413427306192508518,1,143,158166170287100,158166170287100,1.578165,sweep
18413427306192508518,1,144,158166181034100,158166181034100,1.588987,sweep
18413427306192508518,1,145,158166192599400,158166192599400,1.600555,sweep
18413427306192508518,1,146,158166203835800,158166203835800,1.611767,sweep
18413427306192508518,1,147,158166214738600,158166214738600,1.622695,sweep
18413427306192508518,1,148,158166225787100,158166225787100,1.633743,sweep
18413427306192508518,1,149,158166236937900,158166236937900,1.644895,sweep
18413427306192508518,1,150,158166248076200,158166248076200,1.656034,sweep
18413427306192508518,1,151,158166259129600,158166259129600,1.667079,sweep
18413427306192508518,1,152,158166270198800,158166270198800,1.678098,sweep
18413427306192508518,1,153,158166281214600,158166281214600,1.689154,sweep
18413427306192508518,1,154,158166292300000,158166292300000,1.700229,sweep
18413427306192508518,1,155,158166303601400,158166303601400,1.711560,sweep
18413427306192508518,1,156,158166314706200,158166314706200,1.722662,sweep
18413427306192508518,1,157,158166325908600,158166325908600,1.733861,sweep
18413427306192508518,1,158,158166336942300,158166336942300,1.744904,sweep
18413427306192508518,1,159,158166347958500,158166347958500,1.755910,sweep
18413427306192508518,1,160,158166359000400,158166359000400,1.766959,sweep
18413427306192508518,1,161,158166369964400,158166369964400,1.777923,sweep
18413427306192508518,1,162,158166381485600,158166381485600,1.789375,sweep
18413427306192508518,1,163,158166392583900,158166392583900,1.800522,sweep
18413427306192508518,1,164,158166403622500,158166403622500,1.811581,sweep
18413427306192508518,1,165,158166414396900,158166414396900,1.822351,sweep
18413427306192508518,1,166,158166425420400,158166425420400,1.833382,sweep
18413427306192508518,1,167,158166436979100,158166436979100,1.844934,sweep
18413427306192508518,1,168,158166448029500,158166448029500,1.855975,sweep
18413427306192508518,1,169,158166459062100,158166459062100,1.867016,sweep
18413427306192508518,1,170,158166470126700,158166470126700,1.878086,sweep
18413427306192508518,1,171,158166481391000,158166481391000,1.889280,sweep
18413427306192508518,1,172,158166492384300,158166492384300,1.900334,sweep
18413427306192508518,1,173,158166503488100,158166503488100,1.911425,sweep
18413427306192508518,1,174,158166514449800,158166514449800,1.922408,sweep
18413427306192508518,1,175,158166525499400,158166525499400,1.933446,sweep
18413427306192508518,1,176,158166536896700,158166536896700,1.944826,sweep
18413427306192508518,1,177,158166547882600,158166547882600,1.955829,sweep
18413427306192508518,1,178,158166559164800,158166559164800,1.967122,sweep
18413427306192508518,1,179,158166570090600,158166570090600,1.978049,sweep
18413427306192508518,1,180,158166581021000,158166581021000,1.988976,sweep
18413427306192508518,1,181,158166592339500,158166592339500,2.000234,sweep
18413427306192508518,1,182,158166603520400,158166603520400,2.011479,sweep
18413427306192508518,1,183,158166614430900,158166614430900,2.022385,sweep
18413427306192508518,1,184,158166625466300,158166625466300,2.033425,sweep
18413427306192508518,1,185,158166637018000,158166637018000,2.044961,sweep
18413427306192508518,1,186,158166648008200,158166648008200,2.055962,sweep
18413427306192508518,1,187,158166659100800,158166659100800,2.067054,sweep
18413427306192508518,1,188,158166670202100,158166670202100,2.078162,sweep
18413427306192508518,1,189,158166681142800,158166681142800,2.089100,sweep
18413427306192508518,1,190,158166692446600,158166692446600,2.100178,sweep
18413427306192508518,1,191,158166703313100,158166703313100,2.111267,sweep
18413427306192508518,1,192,158166714500100,158166714500100,2.122454,sweep
18413427306192508518,1,193,158166725525400,158166725525400,2.133482,sweep
18413427306192508518,1,194,158166736527100,158166736527100,2.144488,sweep
18413427306192508518,1,195,158166748227200,158166748227200,2.156166,sweep
18413427306192508518,1,196,158166759103800,158166759103800,2.167058,sweep
18413427306192508518,1,197,158166770284200,158166770284200,2.178232,sweep
18413427306192508518,1,198,158166781382300,158166781382300,2.189341,sweep
18413427306192508518,1,199,158166792606500,158166792606500,2.200489,sweep
18413427306192508518,1,200,158166803500200,158166803500200,2.211430,sweep
18413427306192508518,1,201,158166814495000,158166814495000,2.222447,sweep
18413427306192508518,1,202,158166825710200,158166825710200,2.233647,sweep
18413427306192508518,1,203,158166836759000,158166836759000,2.244718,sweep
18413427306192508518,1,204,158166848051600,158166848051600,2.256004,sweep
18413427306192508518,1,205,158166859069100,158166859069100,2.267014,sweep
18413427306192508518,1,206,158166870134800,158166870134800,2.278092,sweep
18413427306192508518,1,207,158166881237700,158166881237700,2.289194,sweep
18413427306192508518,1,208,158166892212100,158166892212100,2.300141,sweep
18413427306192508518,1,209,158166903694400,158166903694400,2.311570,sweep
18413427306192508518,1,210,158166914531300,158166914531300,2.322486,sweep
18413427306192508518,1,211,158166925674100,158166925674100,2.333630,sweep
18413427306192508518,1,212,158166936584500,158166936584500,2.344543,sweep
18413427306192508518,1,213,158166948130800,158166948130800,2.356084,sweep
18413427306192508518,1,214,158166959233000,158166959233000,2.367188,sweep
18413427306192508518,1,215,158166969957800,158166969957800,2.377896,sweep
18413427306192508518,1,216,158166981575000,158166981575000,2.389510,sweep
18413427306192508518,1,217,158166992468100,158166992468100,2.400412,sweep
18413427306192508518,1,218,158167003297600,158167003297600,2.411196,sweep
18413427306192508518,1,219,158167014348400,158167014348400,2.422299,sweep
18413427306192508518,1,220,158167025920400,158167025920400,2.433876,sweep
18413427306192508518,1,221,158167036804700,158167036804700,2.444763,sweep
18413427306192508518,1,222,158167048127300,158167048127300,2.456079,sweep
18413427306192508518,1,223,158167059302200,158167059302200,2.467237,sweep
18413427306192508518,1,224,158167070172800,158167070172800,2.478131,sweep
18413427306192508518,1,225,158167081368500,158167081368500,2.489323,sweep
18413427306192508518,1,226,158167092441900,158167092441900,2.500392,sweep
18413427306192508518,1,227,158167103510200,158167103510200,2.511466,sweep
18413427306192508518,1,228,158167114593700,158167114593700,2.522472,sweep
18413427306192508518,1,229,158167125571000,158167125571000,2.533527,sweep
18413427306192508518,1,230,158167136632200,158167136632200,2.544581,sweep
18413427306192508518,1,231,158167148138000,158167148138000,2.556090,sweep
18413427306192508518,1,232,158167159051100,158167159051100,2.566992,sweep
18413427306192508518,1,233,158167170260100,158167170260100,2.578217,sweep
18413427306192508518,1,234,158167181105000,158167181105000,2.589052,sweep
18413427306192508518,1,235,158167192275600,158167192275600,2.600230,sweep
18413427306192508518,1,236,158167203293700,158167203293700,2.611249,sweep
18413427306192508518,1,237,158167214342000,158167214342000,2.622293,sweep
18413427306192508518,1,238,158167225940600,158167225940600,2.633825,sweep
18413427306192508518,1,239,158167236886000,158167236886000,2.644843,sweep
18413427306192508518,1,240,158167247955900,158167247955900,2.655903,sweep
18413427306192508518,1,241,158167259015500,158167259015500,2.666970,sweep
18413427306192508518,1,242,158167270226300,158167270226300,2.678178,sweep
18413427306192508518,1,243,158167281287800,158167281287800,2.689238,sweep
18413427306192508518,1,244,158167292320500,158167292320500,2.700259,sweep
18413427306192508518,1,245,158167303507000,158167303507000,2.711466,sweep
18413427306192508518,1,246,158167314565100,158167314565100,2.722478,sweep
18413427306192508518,1,247,158167325645000,158167325645000,2.733532,sweep
18413427306192508518,1,248,158167336594600,158167336594600,2.744555,sweep
18413427306192508518,1,249,158167347894600,158167347894600,2.755847,sweep
18413427306192508518,1,250,158167358902500,158167358902500,2.766862,sweep
18413427306192508518,1,251,158167370116300,158167370116300,2.778074,sweep
18413427306192508518,1,252,158167381160100,158167381160100,2.789111,sweep
18413427306192508518,1,253,158167392527400,158167392527400,2.800451,sweep
18413427306192508518,1,254,158167403410700,158167403410700,2.811359,sweep
18413427306192508518,1,255,158167414462000,158167414462000,2.822406,sweep
18413427306192508518,1,256,158167425782900,158167425782900,2.833478,sweep
18413427306192508518,1,257,158167437069700,158167437069700,2.844962,sweep
18413427306192508518,1,258,158167448207400,158167448207400,2.856150,sweep
18413427306192508518,1,259,158167458950700,158167458950700,2.866897,sweep
18413427306192508518,1,260,158167470158400,158167470158400,2.878116,sweep
18413427306192508518,1,261,158167481347500,158167481347500,2.889296,sweep
18413427306192508518,1,262,158167492425000,158167492425000,2.900373,sweep
18413427306192508518,1,263,158167503455700,158167503455700,2.911417,sweep
18413427306192508518,1,264,158167514497300,158167514497300,2.922445,sweep
18413427306192508518,1,265,158167525799700,158167525799700,2.933716,sweep
18413427306192508518,1,266,158167536760800,158167536760800,2.944720,sweep
18413427306192508518,1,267,158167547899300,158167547899300,2.955777,sweep
18413427306192508518,1,268,158167558968300,158167558968300,2.966921,sweep
18413427306192508518,1,269,158167569919900,158167569919900,2.977874,sweep
18413427306192508518,1,270,158167581255100,158167581255100,2.989209,sweep
