sampleNs,origin,connected,valid,result,m00,m01,m02,x,m10,m11,m12,y,m20,m21,m22,z
165481429876000,2,1,1,200,0.9942689538,0.1067123264,-0.006458295509,0.2866021693,-0.09296028316,0.8928108811,0.4407347739,2.212178946,0.05279786885,-0.4376085401,0.8976141214,-0.059688095
165481430012100,1,1,1,200,0.9942689538,0.1067123264,-0.006458295509,0.2866021693,-0.09296028316,0.8928108811,0.4407347739,3.212178946,0.05279786885,-0.4376085401,0.8976141214,-0.059688095
165481436088000,2,1,1,200,0.9942689538,0.1067123264,-0.006458295509,0.2866021693,-0.09296028316,0.8928108811,0.4407347739,2.212178946,0.05279786885,-0.4376085401,0.8976141214,-0.059688095
165481436115300,1,1,1,200,0.9942689538,0.1067123264,-0.006458295509,0.2866021693,-0.09296028316,0.8928108811,0.4407347739,3.212178946,0.05279786885,-0.4376085401,0.8976141214,-0.059688095
165481451698600,2,1,1,200,0.9942689538,0.1067123264,-0.006458295509,0.2866021693,-0.09296028316,0.8928108811,0.4407347739,2.212178946,0.05279786885,-0.4376085401,0.8976141214,-0.059688095
165481451743900,1,1,1,200,0.9942689538,0.1067123264,-0.006458295509,0.2866021693,-0.09296028316,0.8928108811,0.4407347739,3.212178946,0.05279786885,-0.4376085401,0.8976141214,-0.059688095
165481467435600,2,1,1,200,0.9942689538,0.1067123264,-0.006458295509,0.2866021693,-0.09296028316,0.8928108811,0.4407347739,2.212178946,0.05279786885,-0.4376085401,0.8976141214,-0.059688095
165481467471100,1,1,1,200,0.9942689538,0.1067123264,-0.006458295509,0.2866021693,-0.09296028316,0.8928108811,0.4407347739,3.212178946,0.05279786885,-0.4376085401,0.8976141214,-0.059688095
165481482244600,2,1,1,200,0.9942689538,0.1067123264,-0.006458295509,0.2866021693,-0.09296028316,0.8928108811,0.4407347739,2.212178946,0.05279786885,-0.4376085401,0.8976141214,-0.059688095
165481482300300,1,1,1,200,0.9942689538,0.1067123264,-0.006458295509,0.2866021693,-0.09296028316,0.8928108811,0.4407347739,3.212178946,0.05279786885,-0.4376085401,0.8976141214,-0.059688095
165481497941400,2,1,1,200,0.9942689538,0.1067123264,-0.006458295509,0.2866021693,-0.09296028316,0.8928108811,0.4407347739,2.212178946,0.05279786885,-0.4376085401,0.8976141214,-0.059688095
165481497984600,1,1,1,200,0.9942689538,0.1067123264,-0.006458295509,0.2866021693,-0.09296028316,0.8928108811,0.4407347739,3.212178946,0.05279786885,-0.4376085401,0.8976141214,-0.059688095
165481514008200,2,1,1,200,0.9942689538,0.1067123264,-0.006458295509,0.2866021693,-0.09296028316,0.8928108811,0.4407347739,2.212178946,0.05279786885,-0.4376085401,0.8976141214,-0.059688095
165481514042500,1,1,1,200,0.9942689538,0.1067123264,-0.006458295509,0.2866021693,-0.09296028316,0.8928108811,0.4407347739,3.212178946,0.05279786885,-0.4376085401,0.8976141214,-0.059688095
165481528804700,2,1,1,200,0.9942689538,0.1067123264,-0.006458295509,0.2866021693,-0.09296028316,0.8928108811,0.4407347739,2.212178946,0.05279786885,-0.4376085401,0.8976141214,-0.059688095
165481528838400,1,1,1,200,0.9942689538,0.1067123264,-0.006458295509,0.2866021693,-0.09296028316,0.8928108811,0.4407347739,3.212178946,0.05279786885,-0.4376085401,0.8976141214,-0.059688095
165481543953800,2,1,1,200,0.9942689538,0.1067123264,-0.006458295509,0.2866021693,-0.09296028316,0.8928108811,0.4407347739,2.212178946,0.05279786885,-0.4376085401,0.8976141214,-0.059688095
165481543987600,1,1,1,200,0.9942689538,0.1067123264,-0.006458295509,0.2866021693,-0.09296028316,0.8928108811,0.4407347739,3.212178946,0.05279786885,-0.4376085401,0.8976141214,-0.059688095
165481560108500,2,1,1,200,0.9942689538,0.1067123264,-0.006458295509,0.2866021693,-0.09296028316,0.8928108811,0.4407347739,2.212178946,0.05279786885,-0.4376085401,0.8976141214,-0.059688095
165481560145800,1,1,1,200,0.9942689538,0.1067123264,-0.006458295509,0.2866021693,-0.09296028316,0.8928108811,0.4407347739,3.212178946,0.05279786885,-0.4376085401,0.8976141214,-0.059688095
165481575851000,2,1,1,200,0.9942689538,0.1067123264,-0.006458295509,0.2866021693,-0.09296028316,0.8928108811,0.4407347739,2.212178946,0.05279786885,-0.4376085401,0.8976141214,-0.059688095
165481575890100,1,1,1,200,0.9942689538,0.1067123264,-0.006458295509,0.2866021693,-0.09296028316,0.8928108811,0.4407347739,3.212178946,0.05279786885,-0.4376085401,0.8976141214,-0.059688095
165481591092100,2,1,1,200,0.9942689538,0.1067123264,-0.006458295509,0.2866021693,-0.09296028316,0.8928108811,0.4407347739,2.212178946,0.05279786885,-0.4376085401,0.8976141214,-0.059688095
165481591158700,1,1,1,200,0.9942689538,0.1067123264,-0.006458295509,0.2866021693,-0.09296028316,0.8928108811,0.4407347739,3.212178946,0.05279786885,-0.4376085401,0.8976141214,-0.059688095
165481606842100,2,1,1,200,0.9942689538,0.1067123264,-0.006458295509,0.2866021693,-0.09296028316,0.8928108811,0.4407347739,2.212178946,0.05279786885,-0.4376085401,0.8976141214,-0.059688095
165481606885800,1,1,1,200,0.9942689538,0.1067123264,-0.006458295509,0.2866021693,-0.09296028316,0.8928108811,0.4407347739,3.212178946,0.05279786885,-0.4376085401,0.8976141214,-0.059688095
165481622545000,2,1,1,200,0.9942689538,0.1067123264,-0.006458295509,0.2866021693,-0.09296028316,0.8928108811,0.4407347739,2.212178946,0.05279786885,-0.4376085401,0.8976141214,-0.059688095
165481622579200,1,1,1,200,0.9942689538,0.1067123264,-0.006458295509,0.2866021693,-0.09296028316,0.8928108811,0.4407347739,3.212178946,0.05279786885,-0.4376085401,0.8976141214,-0.059688095
165481637818900,2,1,1,200,0.9942689538,0.1067123264,-0.006458295509,0.2866021693,-0.09296028316,0.8928108811,0.4407347739,2.212178946,0.05279786885,-0.4376085401,0.8976141214,-0.059688095
165481637857700,1,1,1,200,0.9942689538,0.1067123264,-0.006458295509,0.2866021693,-0.09296028316,0.8928108811,0.4407347739,3.212178946,0.05279786885,-0.4376085401,0.8976141214,-0.059688095
165481653450300,2,1,1,200,0.9942689538,0.1067123264,-0.006458295509,0.2866021693,-0.09296028316,0.8928108811,0.4407347739,2.212178946,0.05279786885,-0.4376085401,0.8976141214,-0.059688095
165481653488600,1,1,1,200,0.9942689538,0.1067123264,-0.006458295509,0.2866021693,-0.09296028316,0.8928108811,0.4407347739,3.212178946,0.05279786885,-0.4376085401,0.8976141214,-0.059688095
165481669093400,2,1,1,200,0.9942689538,0.1067123264,-0.006458295509,0.2866021693,-0.09296028316,0.8928108811,0.4407347739,2.212178946,0.05279786885,-0.4376085401,0.8976141214,-0.059688095
165481669127200,1,1,1,200,0.9942689538,0.1067123264,-0.006458295509,0.2866021693,-0.09296028316,0.8928108811,0.4407347739,3.212178946,0.05279786885,-0.4376085401,0.8976141214,-0.059688095
165481684322600,2,1,1,200,0.9942689538,0.1067123264,-0.006458295509,0.2866021693,-0.09296028316,0.8928108811,0.4407347739,2.212178946,0.05279786885,-0.4376085401,0.8976141214,-0.059688095
165481684372600,1,1,1,200,0.9942689538,0.1067123264,-0.006458295509,0.2866021693,-0.09296028316,0.8928108811,0.4407347739,3.212178946,0.05279786885,-0.4376085401,0.8976141214,-0.059688095
165481700966300,2,1,1,200,0.9942689538,0.1067123264,-0.006458295509,0.2866021693,-0.09296028316,0.8928108811,0.4407347739,2.212178946,0.05279786885,-0.4376085401,0.8976141214,-0.059688095
165481701008900,1,1,1,200,0.9942689538,0.1067123264,-0.006458295509,0.2866021693,-0.09296028316,0.8928108811,0.4407347739,3.212178946,0.05279786885,-0.4376085401,0.8976141214,-0.059688095
165481716920300,2,1,1,200,0.9942689538,0.1067123264,-0.006458295509,0.2866021693,-0.09296028316,0.8928108811,0.4407347739,2.212178946,0.05279786885,-0.4376085401,0.8976141214,-0.059688095
165481716951400,1,1,1,200,0.9942689538,0.1067123264,-0.006458295509,0.2866021693,-0.09296028316,0.8928108811,0.4407347739,3.212178946,0.05279786885,-0.4376085401,0.8976141214,-0.059688095
165481732438800,2,1,1,200,0.9942689538,0.1067123264,-0.006458295509,0.2866021693,-0.09296028316,0.8928108811,0.4407347739,2.212178946,0.05279786885,-0.4376085401,0.8976141214,-0.059688095
165481732472400,1,1,1,200,0.9942689538,0.1067123264,-0.006458295509,0.2866021693,-0.09296028316,0.8928108811,0.4407347739,3.212178946,0.05279786885,-0.4376085401,0.8976141214,-0.059688095
165481748197300,2,1,1,200,0.9942689538,0.1067123264,-0.006458295509,0.2866021693,-0.09296028316,0.8928108811,0.4407347739,2.212178946,0.05279786885,-0.4376085401,0.8976141214,-0.059688095
165481748228200,1,1,1,200,0.9942689538,0.1067123264,-0.006458295509,0.2866021693,-0.09296028316,0.8928108811,0.4407347739,3.212178946,0.05279786885,-0.4376085401,0.8976141214,-0.059688095
165481763951600,2,1,1,200,0.9942689538,0.1067123264,-0.006458295509,0.2866021693,-0.09296028316,0.8928108811,0.4407347739,2.212178946,0.05279786885,-0.4376085401,0.8976141214,-0.059688095
165481763980700,1,1,1,200,0.9942689538,0.1067123264,-0.006458295509,0.2866021693,-0.09296028316,0.8928108811,0.4407347739,3.212178946,0.05279786885,-0.4376085401,0.8976141214,-0.059688095
165481778998700,2,1,1,200,0.9942689538,0.1067123264,-0.006458295509,0.2866021693,-0.09296028316,0.8928108811,0.4407347739,2.212178946,0.05279786885,-0.4376085401,0.8976141214,-0.059688095
165481779029500,1,1,1,200,0.9942689538,0.1067123264,-0.006458295509,0.2866021693,-0.09296028316,0.8928108811,0.4407347739,3.212178946,0.05279786885,-0.4376085401,0.8976141214,-0.059688095
165481793781900,2,1,1,200,0.9942689538,0.1067123264,-0.006458295509,0.2866021693,-0.09296028316,0.8928108811,0.4407347739,2.212178946,0.05279786885,-0.4376085401,0.8976141214,-0.059688095
165481793852500,1,1,1,200,0.9942689538,0.1067123264,-0.006458295509,0.2866021693,-0.09296028316,0.8928108811,0.4407347739,3.212178946,0.05279786885,-0.4376085401,0.8976141214,-0.059688095
165481809298500,2,1,1,200,0.9942689538,0.1067123264,-0.006458295509,0.2866021693,-0.09296028316,0.8928108811,0.4407347739,2.212178946,0.05279786885,-0.4376085401,0.8976141214,-0.059688095
165481809328800,1,1,1,200,0.9942689538,0.1067123264,-0.006458295509,0.2866021693,-0.09296028316,0.8928108811,0.4407347739,3.212178946,0.05279786885,-0.4376085401,0.8976141214,-0.059688095
165481824850200,2,1,1,200,0.9942689538,0.1067123264,-0.006458295509,0.2866021693,-0.09296028316,0.8928108811,0.4407347739,2.212178946,0.05279786885,-0.4376085401,0.8976141214,-0.059688095
165481824888900,1,1,1,200,0.9942689538,0.1067123264,-0.006458295509,0.2866021693,-0.09296028316,0.8928108811,0.4407347739,3.212178946,0.05279786885,-0.4376085401,0.8976141214,-0.059688095
165481840407300,2,1,1,200,0.9942689538,0.1067123264,-0.006458295509,0.2866021693,-0.09296028316,0.8928108811,0.4407347739,2.212178946,0.05279786885,-0.4376085401,0.8976141214,-0.059688095
165481840483900,1,1,1,200,0.9942689538,0.1067123264,-0.006458295509,0.2866021693,-0.09296028316,0.8928108811,0.4407347739,3.212178946,0.05279786885,-0.4376085401,0.8976141214,-0.059688095
165481855706600,2,1,1,200,0.9942689538,0.1067123264,-0.006458295509,0.2866021693,-0.09296028316,0.8928108811,0.4407347739,2.212178946,0.05279786885,-0.4376085401,0.8976141214,-0.059688095
165481855799300,1,1,1,200,0.9942689538,0.1067123264,-0.006458295509,0.2866021693,-0.09296028316,0.8928108811,0.4407347739,3.212178946,0.05279786885,-0.4376085401,0.8976141214,-0.059688095
165481871203500,2,1,1,200,0.9942689538,0.1067123264,-0.006458295509,0.2866021693,-0.09296028316,0.8928108811,0.4407347739,2.212178946,0.05279786885,-0.4376085401,0.8976141214,-0.059688095
165481871234400,1,1,1,200,0.9942689538,0.1067123264,-0.006458295509,0.2866021693,-0.09296028316,0.8928108811,0.4407347739,3.212178946,0.05279786885,-0.4376085401,0.8976141214,-0.059688095
165481886527800,2,1,1,200,0.9942689538,0.1067123264,-0.006458295509,0.2866021693,-0.09296028316,0.8928108811,0.4407347739,2.212178946,0.05279786885,-0.4376085401,0.8976141214,-0.059688095
165481886581300,1,1,1,200,0.9942689538,0.1067123264,-0.006458295509,0.2866021693,-0.09296028316,0.8928108811,0.4407347739,3.212178946,0.05279786885,-0.4376085401,0.8976141214,-0.059688095
165481902172700,2,1,1,200,0.9942689538,0.1067123264,-0.006458295509,0.2866021693,-0.09296028316,0.8928108811,0.4407347739,2.212178946,0.05279786885,-0.4376085401,0.8976141214,-0.059688095
165481902203500,1,1,1,200,0.9942689538,0.1067123264,-0.006458295509,0.2866021693,-0.09296028316,0.8928108811,0.4407347739,3.212178946,0.05279786885,-0.4376085401,0.8976141214,-0.059688095
165481917612900,2,1,1,200,0.9942689538,0.1067123264,-0.006458295509,0.2866021693,-0.09296028316,0.8928108811,0.4407347739,2.212178946,0.05279786885,-0.4376085401,0.8976141214,-0.059688095
165481922095900,1,1,1,200,0.9942689538,0.1067123264,-0.006458295509,0.2866021693,-0.09296028316,0.8928108811,0.4407347739,3.212178946,0.05279786885,-0.4376085401,0.8976141214,-0.059688095
165481932974000,2,1,1,200,0.9942689538,0.1067123264,-0.006458295509,0.2866021693,-0.09296028316,0.8928108811,0.4407347739,2.212178946,0.05279786885,-0.4376085401,0.8976141214,-0.059688095
165481933011400,1,1,1,200,0.9942689538,0.1067123264,-0.006458295509,0.2866021693,-0.09296028316,0.8928108811,0.4407347739,3.212178946,0.05279786885,-0.4376085401,0.8976141214,-0.059688095
165481948221600,2,1,1,200,0.9942689538,0.1067123264,-0.006458295509,0.2866021693,-0.09296028316,0.8928108811,0.4407347739,2.212178946,0.05279786885,-0.4376085401,0.8976141214,-0.059688095
165481948261900,1,1,1,200,0.9942689538,0.1067123264,-0.006458295509,0.2866021693,-0.09296028316,0.8928108811,0.4407347739,3.212178946,0.05279786885,-0.4376085401,0.8976141214,-0.059688095
165481963667600,2,1,1,200,0.9942689538,0.1067123264,-0.006458295509,0.2866021693,-0.09296028316,0.8928108811,0.4407347739,2.212178946,0.05279786885,-0.4376085401,0.8976141214,-0.059688095
165481963697600,1,1,1,200,0.9942689538,0.1067123264,-0.006458295509,0.2866021693,-0.09296028316,0.8928108811,0.4407347739,3.212178946,0.05279786885,-0.4376085401,0.8976141214,-0.059688095
165481980026100,2,1,1,200,0.9942689538,0.1067123264,-0.006458295509,0.2866021693,-0.09296028316,0.8928108811,0.4407347739,2.212178946,0.05279786885,-0.4376085401,0.8976141214,-0.059688095
165481980057800,1,1,1,200,0.9942689538,0.1067123264,-0.006458295509,0.2866021693,-0.09296028316,0.8928108811,0.4407347739,3.212178946,0.05279786885,-0.4376085401,0.8976141214,-0.059688095
165481995324800,2,1,1,200,0.9942689538,0.1067123264,-0.006458295509,0.2866021693,-0.09296028316,0.8928108811,0.4407347739,2.212178946,0.05279786885,-0.4376085401,0.8976141214,-0.059688095
165481995358000,1,1,1,200,0.9942689538,0.1067123264,-0.006458295509,0.2866021693,-0.09296028316,0.8928108811,0.4407347739,3.212178946,0.05279786885,-0.4376085401,0.8976141214,-0.059688095
165482010491300,2,1,1,200,0.9942689538,0.1067123264,-0.006458295509,0.2866021693,-0.09296028316,0.8928108811,0.4407347739,2.212178946,0.05279786885,-0.4376085401,0.8976141214,-0.059688095
165482010524200,1,1,1,200,0.9942689538,0.1067123264,-0.006458295509,0.2866021693,-0.09296028316,0.8928108811,0.4407347739,3.212178946,0.05279786885,-0.4376085401,0.8976141214,-0.059688095
165482026641400,2,1,1,200,0.9942689538,0.1067123264,-0.006458295509,0.2866021693,-0.09296028316,0.8928108811,0.4407347739,2.212178946,0.05279786885,-0.4376085401,0.8976141214,-0.059688095
165482026742600,1,1,1,200,0.9942689538,0.1067123264,-0.006458295509,0.2866021693,-0.09296028316,0.8928108811,0.4407347739,3.212178946,0.05279786885,-0.4376085401,0.8976141214,-0.059688095
165482042206000,2,1,1,200,0.9942689538,0.1067123264,-0.006458295509,0.2866021693,-0.09296028316,0.8928108811,0.4407347739,2.212178946,0.05279786885,-0.4376085401,0.8976141214,-0.059688095
165482042237000,1,1,1,200,0.9942689538,0.1067123264,-0.006458295509,0.2866021693,-0.09296028316,0.8928108811,0.4407347739,3.212178946,0.05279786885,-0.4376085401,0.8976141214,-0.059688095
165482057351800,2,1,1,200,0.9942689538,0.1067123264,-0.006458295509,0.2866021693,-0.09296028316,0.8928108811,0.4407347739,2.212178946,0.05279786885,-0.4376085401,0.8976141214,-0.059688095
165482057404100,1,1,1,200,0.9942689538,0.1067123264,-0.006458295509,0.2866021693,-0.09296028316,0.8928108811,0.4407347739,3.212178946,0.05279786885,-0.4376085401,0.8976141214,-0.059688095
165482072999300,2,1,1,200,0.9942689538,0.1067123264,-0.006458295509,0.2866021693,-0.09296028316,0.8928108811,0.4407347739,2.212178946,0.05279786885,-0.4376085401,0.8976141214,-0.059688095
165482073028800,1,1,1,200,0.9942689538,0.1067123264,-0.006458295509,0.2866021693,-0.09296028316,0.8928108811,0.4407347739,3.212178946,0.05279786885,-0.4376085401,0.8976141214,-0.059688095
165482088051100,2,1,1,200,0.9942689538,0.1067123264,-0.006458295509,0.2866021693,-0.09296028316,0.8928108811,0.4407347739,2.212178946,0.05279786885,-0.4376085401,0.8976141214,-0.059688095
165482092453500,1,1,1,200,0.9942689538,0.1067123264,-0.006458295509,0.2866021693,-0.09296028316,0.8928108811,0.4407347739,3.212178946,0.05279786885,-0.4376085401,0.8976141214,-0.059688095
165482103656200,2,1,1,200,0.9942689538,0.1067123264,-0.006458295509,0.2866021693,-0.09296028316,0.8928108811,0.4407347739,2.212178946,0.05279786885,-0.4376085401,0.8976141214,-0.059688095
165482103681800,1,1,1,200,0.9942689538,0.1067123264,-0.006458295509,0.2866021693,-0.09296028316,0.8928108811,0.4407347739,3.212178946,0.05279786885,-0.4376085401,0.8976141214,-0.059688095
165482119485000,2,1,1,200,0.9942689538,0.1067123264,-0.006458295509,0.2866021693,-0.09296028316,0.8928108811,0.4407347739,2.212178946,0.05279786885,-0.4376085401,0.8976141214,-0.059688095
165482119526700,1,1,1,200,0.9942689538,0.1067123264,-0.006458295509,0.2866021693,-0.09296028316,0.8928108811,0.4407347739,3.212178946,0.05279786885,-0.4376085401,0.8976141214,-0.059688095
165482134397300,2,1,1,200,0.9942689538,0.1067123264,-0.006458295509,0.2866021693,-0.09296028316,0.8928108811,0.4407347739,2.212178946,0.05279786885,-0.4376085401,0.8976141214,-0.059688095
165482134436100,1,1,1,200,0.9942689538,0.1067123264,-0.006458295509,0.2866021693,-0.09296028316,0.8928108811,0.4407347739,3.212178946,0.05279786885,-0.4376085401,0.8976141214,-0.059688095
165482149689900,2,1,1,200,0.9942689538,0.1067123264,-0.006458295509,0.2866021693,-0.09296028316,0.8928108811,0.4407347739,2.212178946,0.05279786885,-0.4376085401,0.8976141214,-0.059688095
165482149723700,1,1,1,200,0.9942689538,0.1067123264,-0.006458295509,0.2866021693,-0.09296028316,0.8928108811,0.4407347739,3.212178946,0.05279786885,-0.4376085401,0.8976141214,-0.059688095
165482165287700,2,1,1,200,0.9942689538,0.1067123264,-0.006458295509,0.2866021693,-0.09296028316,0.8928108811,0.4407347739,2.212178946,0.05279786885,-0.4376085401,0.8976141214,-0.059688095
165482165330600,1,1,1,200,0.9942689538,0.1067123264,-0.006458295509,0.2866021693,-0.09296028316,0.8928108811,0.4407347739,3.212178946,0.05279786885,-0.4376085401,0.8976141214,-0.059688095
165482180276500,2,1,1,200,0.9942689538,0.1067123264,-0.006458295509,0.2866021693,-0.09296028316,0.8928108811,0.4407347739,2.212178946,0.05279786885,-0.4376085401,0.8976141214,-0.059688095
165482180337000,1,1,1,200,0.9942689538,0.1067123264,-0.006458295509,0.2866021693,-0.09296028316,0.8928108811,0.4407347739,3.212178946,0.05279786885,-0.4376085401,0.8976141214,-0.059688095
165482196080000,2,1,1,200,0.9942689538,0.1067123264,-0.006458295509,0.2866021693,-0.09296028316,0.8928108811,0.4407347739,2.212178946,0.05279786885,-0.4376085401,0.8976141214,-0.059688095
165482196120400,1,1,1,200,0.9942689538,0.1067123264,-0.006458295509,0.2866021693,-0.09296028316,0.8928108811,0.4407347739,3.212178946,0.05279786885,-0.4376085401,0.8976141214,-0.059688095
165482211817300,2,1,1,200,0.9942689538,0.1067123264,-0.006458295509,0.2866021693,-0.09296028316,0.8928108811,0.4407347739,2.212178946,0.05279786885,-0.4376085401,0.8976141214,-0.059688095
165482211857300,1,1,1,200,0.9942689538,0.1067123264,-0.006458295509,0.2866021693,-0.09296028316,0.8928108811,0.4407347739,3.212178946,0.05279786885,-0.4376085401,0.8976141214,-0.059688095
165482227662100,2,1,1,200,0.9942689538,0.1067123264,-0.006458295509,0.2866021693,-0.09296028316,0.8928108811,0.4407347739,2.212178946,0.05279786885,-0.4376085401,0.8976141214,-0.059688095
165482227707500,1,1,1,200,0.9942689538,0.1067123264,-0.006458295509,0.2866021693,-0.09296028316,0.8928108811,0.4407347739,3.212178946,0.05279786885,-0.4376085401,0.8976141214,-0.059688095
165482242446600,2,1,1,200,0.9942689538,0.1067123264,-0.006458295509,0.2866021693,-0.09296028316,0.8928108811,0.4407347739,2.212178946,0.05279786885,-0.4376085401,0.8976141214,-0.059688095
165482242482300,1,1,1,200,0.9942689538,0.1067123264,-0.006458295509,0.2866021693,-0.09296028316,0.8928108811,0.4407347739,3.212178946,0.05279786885,-0.4376085401,0.8976141214,-0.059688095
165482258242300,2,1,1,200,0.9942689538,0.1067123264,-0.006458295509,0.2866021693,-0.09296028316,0.8928108811,0.4407347739,2.212178946,0.05279786885,-0.4376085401,0.8976141214,-0.059688095
165482262689600,1,1,1,200,0.9942689538,0.1067123264,-0.006458295509,0.2866021693,-0.09296028316,0.8928108811,0.4407347739,3.212178946,0.05279786885,-0.4376085401,0.8976141214,-0.059688095
165482273817900,2,1,1,200,0.9942689538,0.1067123264,-0.006458295509,0.2866021693,-0.09296028316,0.8928108811,0.4407347739,2.212178946,0.05279786885,-0.4376085401,0.8976141214,-0.059688095
165482273851800,1,1,1,200,0.9942689538,0.1067123264,-0.006458295509,0.2866021693,-0.09296028316,0.8928108811,0.4407347739,3.212178946,0.05279786885,-0.4376085401,0.8976141214,-0.059688095
165482289159700,2,1,1,200,0.9942689538,0.1067123264,-0.006458295509,0.2866021693,-0.09296028316,0.8928108811,0.4407347739,2.212178946,0.05279786885,-0.4376085401,0.8976141214,-0.059688095
165482289200800,1,1,1,200,0.9942689538,0.1067123264,-0.006458295509,0.2866021693,-0.09296028316,0.8928108811,0.4407347739,3.212178946,0.05279786885,-0.4376085401,0.8976141214,-0.059688095
165482304754000,2,1,1,200,0.9942689538,0.1067123264,-0.006458295509,0.2866021693,-0.09296028316,0.8928108811,0.4407347739,2.212178946,0.05279786885,-0.4376085401,0.8976141214,-0.059688095
165482304792600,1,1,1,200,0.9942689538,0.1067123264,-0.006458295509,0.2866021693,-0.09296028316,0.8928108811,0.4407347739,3.212178946,0.05279786885,-0.4376085401,0.8976141214,-0.059688095
165482319835000,2,1,1,200,0.9942689538,0.1067123264,-0.006458295509,0.2866021693,-0.09296028316,0.8928108811,0.4407347739,2.212178946,0.05279786885,-0.4376085401,0.8976141214,-0.059688095
165482319870900,1,1,1,200,0.9942689538,0.1067123264,-0.006458295509,0.2866021693,-0.09296028316,0.8928108811,0.4407347739,3.212178946,0.05279786885,-0.4376085401,0.8976141214,-0.059688095
165482335045400,2,1,1,200,0.9942689538,0.1067123264,-0.006458295509,0.2866021693,-0.09296028316,0.8928108811,0.4407347739,2.212178946,0.05279786885,-0.4376085401,0.8976141214,-0.059688095
165482335093300,1,1,1,200,0.9942689538,0.1067123264,-0.006458295509,0.2866021693,-0.09296028316,0.8928108811,0.4407347739,3.212178946,0.05279786885,-0.4376085401,0.8976141214,-0.059688095
165482350912500,2,1,1,200,0.9942689538,0.1067123264,-0.006458295509,0.2866021693,-0.09296028316,0.8928108811,0.4407347739,2.212178946,0.05279786885,-0.4376085401,0.8976141214,-0.059688095
165482350964700,1,1,1,200,0.9942689538,0.1067123264,-0.006458295509,0.2866021693,-0.09296028316,0.8928108811,0.4407347739,3.212178946,0.05279786885,-0.4376085401,0.8976141214,-0.059688095
165482365904600,2,1,1,200,0.9942689538,0.1067123264,-0.006458295509,0.2866021693,-0.09296028316,0.8928108811,0.4407347739,2.212178946,0.05279786885,-0.4376085401,0.8976141214,-0.059688095
165482365939700,1,1,1,200,0.9942689538,0.1067123264,-0.006458295509,0.2866021693,-0.09296028316,0.8928108811,0.4407347739,3.212178946,0.05279786885,-0.4376085401,0.8976141214,-0.059688095
165482381130300,2,1,1,200,0.9942689538,0.1067123264,-0.006458295509,0.2866021693,-0.09296028316,0.8928108811,0.4407347739,2.212178946,0.05279786885,-0.4376085401,0.8976141214,-0.059688095
165482381174500,1,1,1,200,0.9942689538,0.1067123264,-0.006458295509,0.2866021693,-0.09296028316,0.8928108811,0.4407347739,3.212178946,0.05279786885,-0.4376085401,0.8976141214,-0.059688095
165482396660400,2,1,1,200,0.9942689538,0.1067123264,-0.006458295509,0.2866021693,-0.09296028316,0.8928108811,0.4407347739,2.212178946,0.05279786885,-0.4376085401,0.8976141214,-0.059688095
165482396698800,1,1,1,200,0.9942689538,0.1067123264,-0.006458295509,0.2866021693,-0.09296028316,0.8928108811,0.4407347739,3.212178946,0.05279786885,-0.4376085401,0.8976141214,-0.059688095
165482412081200,2,1,1,200,0.9942689538,0.1067123264,-0.006458295509,0.2866021693,-0.09296028316,0.8928108811,0.4407347739,2.212178946,0.05279786885,-0.4376085401,0.8976141214,-0.059688095
165482412136100,1,1,1,200,0.9942689538,0.1067123264,-0.006458295509,0.2866021693,-0.09296028316,0.8928108811,0.4407347739,3.212178946,0.05279786885,-0.4376085401,0.8976141214,-0.059688095
165482428113300,2,1,1,200,0.9942689538,0.1067123264,-0.006458295509,0.2866021693,-0.09296028316,0.8928108811,0.4407347739,2.212178946,0.05279786885,-0.4376085401,0.8976141214,-0.059688095
165482432521300,1,1,1,200,0.9942689538,0.1067123264,-0.006458295509,0.2866021693,-0.09296028316,0.8928108811,0.4407347739,3.212178946,0.05279786885,-0.4376085401,0.8976141214,-0.059688095
165482443291300,2,1,1,200,0.9942689538,0.1067123264,-0.006458295509,0.2866021693,-0.09296028316,0.8928108811,0.4407347739,2.212178946,0.05279786885,-0.4376085401,0.8976141214,-0.059688095
165482443348800,1,1,1,200,0.9942689538,0.1067123264,-0.006458295509,0.2866021693,-0.09296028316,0.8928108811,0.4407347739,3.212178946,0.05279786885,-0.4376085401,0.8976141214,-0.059688095
165482458751700,2,1,1,200,0.9942689538,0.1067123264,-0.006458295509,0.2866021693,-0.09296028316,0.8928108811,0.4407347739,2.212178946,0.05279786885,-0.4376085401,0.8976141214,-0.059688095
165482458789500,1,1,1,200,0.9942689538,0.1067123264,-0.006458295509,0.2866021693,-0.09296028316,0.8928108811,0.4407347739,3.212178946,0.05279786885,-0.4376085401,0.8976141214,-0.059688095
165482474681000,2,1,1,200,0.9942689538,0.1067123264,-0.006458295509,0.2866021693,-0.09296028316,0.8928108811,0.4407347739,2.212178946,0.05279786885,-0.4376085401,0.8976141214,-0.059688095
165482474723700,1,1,1,200,0.9942689538,0.1067123264,-0.006458295509,0.2866021693,-0.09296028316,0.8928108811,0.4407347739,3.212178946,0.05279786885,-0.4376085401,0.8976141214,-0.059688095
165482489737500,2,1,1,200,0.9942689538,0.1067123264,-0.006458295509,0.2866021693,-0.09296028316,0.8928108811,0.4407347739,2.212178946,0.05279786885,-0.4376085401,0.8976141214,-0.059688095
165482489800700,1,1,1,200,0.9942689538,0.1067123264,-0.006458295509,0.2866021693,-0.09296028316,0.8928108811,0.4407347739,3.212178946,0.05279786885,-0.4376085401,0.8976141214,-0.059688095
165482505055400,2,1,1,200,0.9942689538,0.1067123264,-0.006458295509,0.2866021693,-0.09296028316,0.8928108811,0.4407347739,2.212178946,0.05279786885,-0.4376085401,0.8976141214,-0.059688095
165482505091400,1,1,1,200,0.9942689538,0.1067123264,-0.006458295509,0.2866021693,-0.09296028316,0.8928108811,0.4407347739,3.212178946,0.05279786885,-0.4376085401,0.8976141214,-0.059688095
165482520867100,2,1,1,200,0.9942689538,0.1067123264,-0.006458295509,0.2866021693,-0.09296028316,0.8928108811,0.4407347739,2.212178946,0.05279786885,-0.4376085401,0.8976141214,-0.059688095
165482520902500,1,1,1,200,0.9942689538,0.1067123264,-0.006458295509,0.2866021693,-0.09296028316,0.8928108811,0.4407347739,3.212178946,0.05279786885,-0.4376085401,0.8976141214,-0.059688095
165482536586300,2,1,1,200,0.9942689538,0.1067123264,-0.006458295509,0.2866021693,-0.09296028316,0.8928108811,0.4407347739,2.212178946,0.05279786885,-0.4376085401,0.8976141214,-0.059688095
165482536630900,1,1,1,200,0.9942689538,0.1067123264,-0.006458295509,0.2866021693,-0.09296028316,0.8928108811,0.4407347739,3.212178946,0.05279786885,-0.4376085401,0.8976141214,-0.059688095
165482551587100,2,1,1,200,0.9942689538,0.1067123264,-0.006458295509,0.2866021693,-0.09296028316,0.8928108811,0.4407347739,2.212178946,0.05279786885,-0.4376085401,0.8976141214,-0.059688095
165482551622600,1,1,1,200,0.9942689538,0.1067123264,-0.006458295509,0.2866021693,-0.09296028316,0.8928108811,0.4407347739,3.212178946,0.05279786885,-0.4376085401,0.8976141214,-0.059688095
165482566781000,2,1,1,200,0.9942689538,0.1067123264,-0.006458295509,0.2866021693,-0.09296028316,0.8928108811,0.4407347739,2.212178946,0.05279786885,-0.4376085401,0.8976141214,-0.059688095
165482566822900,1,1,1,200,0.9942689538,0.1067123264,-0.006458295509,0.2866021693,-0.09296028316,0.8928108811,0.4407347739,3.212178946,0.05279786885,-0.4376085401,0.8976141214,-0.059688095
165482583193800,2,1,1,200,0.9942689538,0.1067123264,-0.006458295509,0.2866021693,-0.09296028316,0.8928108811,0.4407347739,2.212178946,0.05279786885,-0.4376085401,0.8976141214,-0.059688095
165482583292100,1,1,1,200,0.9942689538,0.1067123264,-0.006458295509,0.2866021693,-0.09296028316,0.8928108811,0.4407347739,3.212178946,0.05279786885,-0.4376085401,0.8976141214,-0.059688095
165482599742200,2,1,1,200,0.9942689538,0.1067123264,-0.006458295509,0.2866021693,-0.09296028316,0.8928108811,0.4407347739,2.212178946,0.05279786885,-0.4376085401,0.8976141214,-0.059688095
165482600922800,1,1,1,200,0.9942689538,0.1067123264,-0.006458295509,0.2866021693,-0.09296028316,0.8928108811,0.4407347739,3.212178946,0.05279786885,-0.4376085401,0.8976141214,-0.059688095
165482614768100,2,1,1,200,0.9942689538,0.1067123264,-0.006458295509,0.2866021693,-0.09296028316,0.8928108811,0.4407347739,2.212178946,0.05279786885,-0.4376085401,0.8976141214,-0.059688095
165482614808000,1,1,1,200,0.9942689538,0.1067123264,-0.006458295509,0.2866021693,-0.09296028316,0.8928108811,0.4407347739,3.212178946,0.05279786885,-0.4376085401,0.8976141214,-0.059688095
165482629857700,2,1,1,200,0.9942689538,0.1067123264,-0.006458295509,0.2866021693,-0.09296028316,0.8928108811,0.4407347739,2.212178946,0.05279786885,-0.4376085401,0.8976141214,-0.059688095
165482629898800,1,1,1,200,0.9942689538,0.1067123264,-0.006458295509,0.2866021693,-0.09296028316,0.8928108811,0.4407347739,3.212178946,0.05279786885,-0.4376085401,0.8976141214,-0.059688095
165482645840200,2,1,1,200,0.9942689538,0.1067123264,-0.006458295509,0.2866021693,-0.09296028316,0.8928108811,0.4407347739,2.212178946,0.05279786885,-0.4376085401,0.8976141214,-0.059688095
165482645874000,1,1,1,200,0.9942689538,0.1067123264,-0.006458295509,0.2866021693,-0.09296028316,0.8928108811,0.4407347739,3.212178946,0.05279786885,-0.4376085401,0.8976141214,-0.059688095
165482661931200,2,1,1,200,0.9942689538,0.1067123264,-0.006458295509,0.2866021693,-0.09296028316,0.8928108811,0.4407347739,2.212178946,0.05279786885,-0.4376085401,0.8976141214,-0.059688095
165482662000500,1,1,1,200,0.9942689538,0.1067123264,-0.006458295509,0.2866021693,-0.09296028316,0.8928108811,0.4407347739,3.212178946,0.05279786885,-0.4376085401,0.8976141214,-0.059688095
165482677714300,2,1,1,200,0.9942689538,0.1067123264,-0.006458295509,0.2866021693,-0.09296028316,0.8928108811,0.4407347739,2.212178946,0.05279786885,-0.4376085401,0.8976141214,-0.059688095
165482677748000,1,1,1,200,0.9942689538,0.1067123264,-0.006458295509,0.2866021693,-0.09296028316,0.8928108811,0.4407347739,3.212178946,0.05279786885,-0.4376085401,0.8976141214,-0.059688095
165482692723800,2,1,1,200,0.9942689538,0.1067123264,-0.006458295509,0.2866021693,-0.09296028316,0.8928108811,0.4407347739,2.212178946,0.05279786885,-0.4376085401,0.8976141214,-0.059688095
165482692770200,1,1,1,200,0.9942689538,0.1067123264,-0.006458295509,0.2866021693,-0.09296028316,0.8928108811,0.4407347739,3.212178946,0.05279786885,-0.4376085401,0.8976141214,-0.059688095
165482708002200,2,1,1,200,0.9942689538,0.1067123264,-0.006458295509,0.2866021693,-0.09296028316,0.8928108811,0.4407347739,2.212178946,0.05279786885,-0.4376085401,0.8976141214,-0.059688095
165482708042900,1,1,1,200,0.9942689538,0.1067123264,-0.006458295509,0.2866021693,-0.09296028316,0.8928108811,0.4407347739,3.212178946,0.05279786885,-0.4376085401,0.8976141214,-0.059688095
165482724580200,2,1,1,200,0.9942689538,0.1067123264,-0.006458295509,0.2866021693,-0.09296028316,0.8928108811,0.4407347739,2.212178946,0.05279786885,-0.4376085401,0.8976141214,-0.059688095
165482724619200,1,1,1,200,0.9942689538,0.1067123264,-0.006458295509,0.2866021693,-0.09296028316,0.8928108811,0.4407347739,3.212178946,0.05279786885,-0.4376085401,0.8976141214,-0.059688095
165482740097100,2,1,1,200,0.9942689538,0.1067123264,-0.006458295509,0.2866021693,-0.09296028316,0.8928108811,0.4407347739,2.212178946,0.05279786885,-0.4376085401,0.8976141214,-0.059688095
165482740185500,1,1,1,200,0.9942689538,0.1067123264,-0.006458295509,0.2866021693,-0.09296028316,0.8928108811,0.4407347739,3.212178946,0.05279786885,-0.4376085401,0.8976141214,-0.059688095
165482755822100,2,1,1,200,0.9942689538,0.1067123264,-0.006458295509,0.2866021693,-0.09296028316,0.8928108811,0.4407347739,2.212178946,0.05279786885,-0.4376085401,0.8976141214,-0.059688095
165482755862500,1,1,1,200,0.9942689538,0.1067123264,-0.006458295509,0.2866021693,-0.09296028316,0.8928108811,0.4407347739,3.212178946,0.05279786885,-0.4376085401,0.8976141214,-0.059688095
165482771413600,2,1,1,200,0.9942689538,0.1067123264,-0.006458295509,0.2866021693,-0.09296028316,0.8928108811,0.4407347739,2.212178946,0.05279786885,-0.4376085401,0.8976141214,-0.059688095
165482771454500,1,1,1,200,0.9942689538,0.1067123264,-0.006458295509,0.2866021693,-0.09296028316,0.8928108811,0.4407347739,3.212178946,0.05279786885,-0.4376085401,0.8976141214,-0.059688095
165482786609800,2,1,1,200,0.9942689538,0.1067123264,-0.006458295509,0.2866021693,-0.09296028316,0.8928108811,0.4407347739,2.212178946,0.05279786885,-0.4376085401,0.8976141214,-0.059688095
165482786649100,1,1,1,200,0.9942689538,0.1067123264,-0.006458295509,0.2866021693,-0.09296028316,0.8928108811,0.4407347739,3.212178946,0.05279786885,-0.4376085401,0.8976141214,-0.059688095
165482801773400,2,1,1,200,0.9942689538,0.1067123264,-0.006458295509,0.2866021693,-0.09296028316,0.8928108811,0.4407347739,2.212178946,0.05279786885,-0.4376085401,0.8976141214,-0.059688095
165482801825600,1,1,1,200,0.9942689538,0.1067123264,-0.006458295509,0.2866021693,-0.09296028316,0.8928108811,0.4407347739,3.212178946,0.05279786885,-0.4376085401,0.8976141214,-0.059688095
165482817039900,2,1,1,200,0.9942689538,0.1067123264,-0.006458295509,0.2866021693,-0.09296028316,0.8928108811,0.4407347739,2.212178946,0.05279786885,-0.4376085401,0.8976141214,-0.059688095
165482817083500,1,1,1,200,0.9942689538,0.1067123264,-0.006458295509,0.2866021693,-0.09296028316,0.8928108811,0.4407347739,3.212178946,0.05279786885,-0.4376085401,0.8976141214,-0.059688095
165482832942800,2,1,1,200,0.9942689538,0.1067123264,-0.006458295509,0.2866021693,-0.09296028316,0.8928108811,0.4407347739,2.212178946,0.05279786885,-0.4376085401,0.8976141214,-0.059688095
165482832977800,1,1,1,200,0.9942689538,0.1067123264,-0.006458295509,0.2866021693,-0.09296028316,0.8928108811,0.4407347739,3.212178946,0.05279786885,-0.4376085401,0.8976141214,-0.059688095
165482847967200,2,1,1,200,0.9942689538,0.1067123264,-0.006458295509,0.2866021693,-0.09296028316,0.8928108811,0.4407347739,2.212178946,0.05279786885,-0.4376085401,0.8976141214,-0.059688095
165482848009000,1,1,1,200,0.9942689538,0.1067123264,-0.006458295509,0.2866021693,-0.09296028316,0.8928108811,0.4407347739,3.212178946,0.05279786885,-0.4376085401,0.8976141214,-0.059688095
165482862824000,2,1,1,200,0.9942689538,0.1067123264,-0.006458295509,0.2866021693,-0.09296028316,0.8928108811,0.4407347739,2.212178946,0.05279786885,-0.4376085401,0.8976141214,-0.059688095
165482862879900,1,1,1,200,0.9942689538,0.1067123264,-0.006458295509,0.2866021693,-0.09296028316,0.8928108811,0.4407347739,3.212178946,0.05279786885,-0.4376085401,0.8976141214,-0.059688095
165482879387100,2,1,1,200,0.9942689538,0.1067123264,-0.006458295509,0.2866021693,-0.09296028316,0.8928108811,0.4407347739,2.212178946,0.05279786885,-0.4376085401,0.8976141214,-0.059688095
165482879450500,1,1,1,200,0.9942689538,0.1067123264,-0.006458295509,0.2866021693,-0.09296028316,0.8928108811,0.4407347739,3.212178946,0.05279786885,-0.4376085401,0.8976141214,-0.059688095
165482894472700,2,1,1,200,0.9942689538,0.1067123264,-0.006458295509,0.2866021693,-0.09296028316,0.8928108811,0.4407347739,2.212178946,0.05279786885,-0.4376085401,0.8976141214,-0.059688095
165482894522600,1,1,1,200,0.9942689538,0.1067123264,-0.006458295509,0.2866021693,-0.09296028316,0.8928108811,0.4407347739,3.212178946,0.05279786885,-0.4376085401,0.8976141214,-0.059688095
165482909901300,2,1,1,200,0.9942689538,0.1067123264,-0.006458295509,0.2866021693,-0.09296028316,0.8928108811,0.4407347739,2.212178946,0.05279786885,-0.4376085401,0.8976141214,-0.059688095
165482909935200,1,1,1,200,0.9942689538,0.1067123264,-0.006458295509,0.2866021693,-0.09296028316,0.8928108811,0.4407347739,3.212178946,0.05279786885,-0.4376085401,0.8976141214,-0.059688095
165482924888700,2,1,1,200,0.9942689538,0.1067123264,-0.006458295509,0.2866021693,-0.09296028316,0.8928108811,0.4407347739,2.212178946,0.05279786885,-0.4376085401,0.8976141214,-0.059688095
165482924969800,1,1,1,200,0.9942689538,0.1067123264,-0.006458295509,0.2866021693,-0.09296028316,0.8928108811,0.4407347739,3.212178946,0.05279786885,-0.4376085401,0.8976141214,-0.059688095
165482940317100,2,1,1,200,0.9942689538,0.1067123264,-0.006458295509,0.2866021693,-0.09296028316,0.8928108811,0.4407347739,2.212178946,0.05279786885,-0.4376085401,0.8976141214,-0.059688095
165482940360400,1,1,1,200,0.9942689538,0.1067123264,-0.006458295509,0.2866021693,-0.09296028316,0.8928108811,0.4407347739,3.212178946,0.05279786885,-0.4376085401,0.8976141214,-0.059688095
165482955482500,2,1,1,200,0.9942689538,0.1067123264,-0.006458295509,0.2866021693,-0.09296028316,0.8928108811,0.4407347739,2.212178946,0.05279786885,-0.4376085401,0.8976141214,-0.059688095
165482955578200,1,1,1,200,0.9942689538,0.1067123264,-0.006458295509,0.2866021693,-0.09296028316,0.8928108811,0.4407347739,3.212178946,0.05279786885,-0.4376085401,0.8976141214,-0.059688095
165482970777200,2,1,1,200,0.9942689538,0.1067123264,-0.006458295509,0.2866021693,-0.09296028316,0.8928108811,0.4407347739,2.212178946,0.05279786885,-0.4376085401,0.8976141214,-0.059688095
165482970823700,1,1,1,200,0.9942689538,0.1067123264,-0.006458295509,0.2866021693,-0.09296028316,0.8928108811,0.4407347739,3.212178946,0.05279786885,-0.4376085401,0.8976141214,-0.059688095
165482986910800,2,1,1,200,0.9942689538,0.1067123264,-0.006458295509,0.2866021693,-0.09296028316,0.8928108811,0.4407347739,2.212178946,0.05279786885,-0.4376085401,0.8976141214,-0.059688095
165482986982400,1,1,1,200,0.9942689538,0.1067123264,-0.006458295509,0.2866021693,-0.09296028316,0.8928108811,0.4407347739,3.212178946,0.05279786885,-0.4376085401,0.8976141214,-0.059688095
165483002992800,2,1,1,200,0.9942689538,0.1067123264,-0.006458295509,0.2866021693,-0.09296028316,0.8928108811,0.4407347739,2.212178946,0.05279786885,-0.4376085401,0.8976141214,-0.059688095
165483003050300,1,1,1,200,0.9942689538,0.1067123264,-0.006458295509,0.2866021693,-0.09296028316,0.8928108811,0.4407347739,3.212178946,0.05279786885,-0.4376085401,0.8976141214,-0.059688095
165483018610800,2,1,1,200,0.9942689538,0.1067123264,-0.006458295509,0.2866021693,-0.09296028316,0.8928108811,0.4407347739,2.212178946,0.05279786885,-0.4376085401,0.8976141214,-0.059688095
165483018656500,1,1,1,200,0.9942689538,0.1067123264,-0.006458295509,0.2866021693,-0.09296028316,0.8928108811,0.4407347739,3.212178946,0.05279786885,-0.4376085401,0.8976141214,-0.059688095
165483034275800,2,1,1,200,0.9942689538,0.1067123264,-0.006458295509,0.2866021693,-0.09296028316,0.8928108811,0.4407347739,2.212178946,0.05279786885,-0.4376085401,0.8976141214,-0.059688095
165483034319000,1,1,1,200,0.9942689538,0.1067123264,-0.006458295509,0.2866021693,-0.09296028316,0.8928108811,0.4407347739,3.212178946,0.05279786885,-0.4376085401,0.8976141214,-0.059688095
165483049804500,2,1,1,200,0.9942689538,0.1067123264,-0.006458295509,0.2866021693,-0.09296028316,0.8928108811,0.4407347739,2.212178946,0.05279786885,-0.4376085401,0.8976141214,-0.059688095
165483049865700,1,1,1,200,0.9942689538,0.1067123264,-0.006458295509,0.2866021693,-0.09296028316,0.8928108811,0.4407347739,3.212178946,0.05279786885,-0.4376085401,0.8976141214,-0.059688095
165483066438900,2,1,1,200,0.9942689538,0.1067123264,-0.006458295509,0.2866021693,-0.09296028316,0.8928108811,0.4407347739,2.212178946,0.05279786885,-0.4376085401,0.8976141214,-0.059688095
165483066483100,1,1,1,200,0.9942689538,0.1067123264,-0.006458295509,0.2866021693,-0.09296028316,0.8928108811,0.4407347739,3.212178946,0.05279786885,-0.4376085401,0.8976141214,-0.059688095
165483081979200,2,1,1,200,0.9942689538,0.1067123264,-0.006458295509,0.2866021693,-0.09296028316,0.8928108811,0.4407347739,2.212178946,0.05279786885,-0.4376085401,0.8976141214,-0.059688095
165483082020700,1,1,1,200,0.9942689538,0.1067123264,-0.006458295509,0.2866021693,-0.09296028316,0.8928108811,0.4407347739,3.212178946,0.05279786885,-0.4376085401,0.8976141214,-0.059688095
165483097916400,2,1,1,200,0.9942689538,0.1067123264,-0.006458295509,0.2866021693,-0.09296028316,0.8928108811,0.4407347739,2.212178946,0.05279786885,-0.4376085401,0.8976141214,-0.059688095
165483097957600,1,1,1,200,0.9942689538,0.1067123264,-0.006458295509,0.2866021693,-0.09296028316,0.8928108811,0.4407347739,3.212178946,0.05279786885,-0.4376085401,0.8976141214,-0.059688095
165483113414100,2,1,1,200,0.9942689538,0.1067123264,-0.006458295509,0.2866021693,-0.09296028316,0.8928108811,0.4407347739,2.212178946,0.05279786885,-0.4376085401,0.8976141214,-0.059688095
165483113518400,1,1,1,200,0.9942689538,0.1067123264,-0.006458295509,0.2866021693,-0.09296028316,0.8928108811,0.4407347739,3.212178946,0.05279786885,-0.4376085401,0.8976141214,-0.059688095
165483128840700,2,1,1,200,0.9942689538,0.1067123264,-0.006458295509,0.2866021693,-0.09296028316,0.8928108811,0.4407347739,2.212178946,0.05279786885,-0.4376085401,0.8976141214,-0.059688095
165483128898000,1,1,1,200,0.9942689538,0.1067123264,-0.006458295509,0.2866021693,-0.09296028316,0.8928108811,0.4407347739,3.212178946,0.05279786885,-0.4376085401,0.8976141214,-0.059688095
165483144361300,2,1,1,200,0.9942689538,0.1067123264,-0.006458295509,0.2866021693,-0.09296028316,0.8928108811,0.4407347739,2.212178946,0.05279786885,-0.4376085401,0.8976141214,-0.059688095
165483144413500,1,1,1,200,0.9942689538,0.1067123264,-0.006458295509,0.2866021693,-0.09296028316,0.8928108811,0.4407347739,3.212178946,0.05279786885,-0.4376085401,0.8976141214,-0.059688095
165483159567600,2,1,1,200,0.9942689538,0.1067123264,-0.006458295509,0.2866021693,-0.09296028316,0.8928108811,0.4407347739,2.212178946,0.05279786885,-0.4376085401,0.8976141214,-0.059688095
165483159613900,1,1,1,200,0.9942689538,0.1067123264,-0.006458295509,0.2866021693,-0.09296028316,0.8928108811,0.4407347739,3.212178946,0.05279786885,-0.4376085401,0.8976141214,-0.059688095
165483175051300,2,1,1,200,0.9942689538,0.1067123264,-0.006458295509,0.2866021693,-0.09296028316,0.8928108811,0.4407347739,2.212178946,0.05279786885,-0.4376085401,0.8976141214,-0.059688095
165483175110200,1,1,1,200,0.9942689538,0.1067123264,-0.006458295509,0.2866021693,-0.09296028316,0.8928108811,0.4407347739,3.212178946,0.05279786885,-0.4376085401,0.8976141214,-0.059688095
165483190967300,2,1,1,200,0.9942689538,0.1067123264,-0.006458295509,0.2866021693,-0.09296028316,0.8928108811,0.4407347739,2.212178946,0.05279786885,-0.4376085401,0.8976141214,-0.059688095
165483191026400,1,1,1,200,0.9942689538,0.1067123264,-0.006458295509,0.2866021693,-0.09296028316,0.8928108811,0.4407347739,3.212178946,0.05279786885,-0.4376085401,0.8976141214,-0.059688095
165483206845100,2,1,1,200,0.9942689538,0.1067123264,-0.006458295509,0.2866021693,-0.09296028316,0.8928108811,0.4407347739,2.212178946,0.05279786885,-0.4376085401,0.8976141214,-0.059688095
165483206928600,1,1,1,200,0.9942689538,0.1067123264,-0.006458295509,0.2866021693,-0.09296028316,0.8928108811,0.4407347739,3.212178946,0.05279786885,-0.4376085401,0.8976141214,-0.059688095
165483222436200,2,1,1,200,0.9942689538,0.1067123264,-0.006458295509,0.2866021693,-0.09296028316,0.8928108811,0.4407347739,2.212178946,0.05279786885,-0.4376085401,0.8976141214,-0.059688095
165483222525300,1,1,1,200,0.9942689538,0.1067123264,-0.006458295509,0.2866021693,-0.09296028316,0.8928108811,0.4407347739,3.212178946,0.05279786885,-0.4376085401,0.8976141214,-0.059688095
165483238518100,2,1,1,200,0.9942689538,0.1067123264,-0.006458295509,0.2866021693,-0.09296028316,0.8928108811,0.4407347739,2.212178946,0.05279786885,-0.4376085401,0.8976141214,-0.059688095
165483238598900,1,1,1,200,0.9942689538,0.1067123264,-0.006458295509,0.2866021693,-0.09296028316,0.8928108811,0.4407347739,3.212178946,0.05279786885,-0.4376085401,0.8976141214,-0.059688095
165483253888600,2,1,1,200,0.9942689538,0.1067123264,-0.006458295509,0.2866021693,-0.09296028316,0.8928108811,0.4407347739,2.212178946,0.05279786885,-0.4376085401,0.8976141214,-0.059688095
165483253934300,1,1,1,200,0.9942689538,0.1067123264,-0.006458295509,0.2866021693,-0.09296028316,0.8928108811,0.4407347739,3.212178946,0.05279786885,-0.4376085401,0.8976141214,-0.059688095
165483269891500,2,1,1,200,0.9942689538,0.1067123264,-0.006458295509,0.2866021693,-0.09296028316,0.8928108811,0.4407347739,2.212178946,0.05279786885,-0.4376085401,0.8976141214,-0.059688095
165483269928800,1,1,1,200,0.9942689538,0.1067123264,-0.006458295509,0.2866021693,-0.09296028316,0.8928108811,0.4407347739,3.212178946,0.05279786885,-0.4376085401,0.8976141214,-0.059688095
165483286543000,2,1,1,200,0.9942689538,0.1067123264,-0.006458295509,0.2866021693,-0.09296028316,0.8928108811,0.4407347739,2.212178946,0.05279786885,-0.4376085401,0.8976141214,-0.059688095
165483286593000,1,1,1,200,0.9942689538,0.1067123264,-0.006458295509,0.2866021693,-0.09296028316,0.8928108811,0.4407347739,3.212178946,0.05279786885,-0.4376085401,0.8976141214,-0.059688095
165483301571300,2,1,1,200,0.9942689538,0.1067123264,-0.006458295509,0.2866021693,-0.09296028316,0.8928108811,0.4407347739,2.212178946,0.05279786885,-0.4376085401,0.8976141214,-0.059688095
165483301616400,1,1,1,200,0.9942689538,0.1067123264,-0.006458295509,0.2866021693,-0.09296028316,0.8928108811,0.4407347739,3.212178946,0.05279786885,-0.4376085401,0.8976141214,-0.059688095
165483316626500,2,1,1,200,0.9942689538,0.1067123264,-0.006458295509,0.2866021693,-0.09296028316,0.8928108811,0.4407347739,2.212178946,0.05279786885,-0.4376085401,0.8976141214,-0.059688095
165483316675500,1,1,1,200,0.9942689538,0.1067123264,-0.006458295509,0.2866021693,-0.09296028316,0.8928108811,0.4407347739,3.212178946,0.05279786885,-0.4376085401,0.8976141214,-0.059688095
165483331705300,2,1,1,200,0.9942689538,0.1067123264,-0.006458295509,0.2866021693,-0.09296028316,0.8928108811,0.4407347739,2.212178946,0.05279786885,-0.4376085401,0.8976141214,-0.059688095
165483331738800,1,1,1,200,0.9942689538,0.1067123264,-0.006458295509,0.2866021693,-0.09296028316,0.8928108811,0.4407347739,3.212178946,0.05279786885,-0.4376085401,0.8976141214,-0.059688095
165483346803600,2,1,1,200,0.9942689538,0.1067123264,-0.006458295509,0.2866021693,-0.09296028316,0.8928108811,0.4407347739,2.212178946,0.05279786885,-0.4376085401,0.8976141214,-0.059688095
165483346883800,1,1,1,200,0.9942689538,0.1067123264,-0.006458295509,0.2866021693,-0.09296028316,0.8928108811,0.4407347739,3.212178946,0.05279786885,-0.4376085401,0.8976141214,-0.059688095
165483363150200,2,1,1,200,0.9942689538,0.1067123264,-0.006458295509,0.2866021693,-0.09296028316,0.8928108811,0.4407347739,2.212178946,0.05279786885,-0.4376085401,0.8976141214,-0.059688095
165483363272300,1,1,1,200,0.9942689538,0.1067123264,-0.006458295509,0.2866021693,-0.09296028316,0.8928108811,0.4407347739,3.212178946,0.05279786885,-0.4376085401,0.8976141214,-0.059688095
165483378380000,2,1,1,200,0.9942689538,0.1067123264,-0.006458295509,0.2866021693,-0.09296028316,0.8928108811,0.4407347739,2.212178946,0.05279786885,-0.4376085401,0.8976141214,-0.059688095
165483378423800,1,1,1,200,0.9942689538,0.1067123264,-0.006458295509,0.2866021693,-0.09296028316,0.8928108811,0.4407347739,3.212178946,0.05279786885,-0.4376085401,0.8976141214,-0.059688095
165483393846300,2,1,1,200,0.9942689538,0.1067123264,-0.006458295509,0.2866021693,-0.09296028316,0.8928108811,0.4407347739,2.212178946,0.05279786885,-0.4376085401,0.8976141214,-0.059688095
165483393880100,1,1,1,200,0.9942689538,0.1067123264,-0.006458295509,0.2866021693,-0.09296028316,0.8928108811,0.4407347739,3.212178946,0.05279786885,-0.4376085401,0.8976141214,-0.059688095
165483410017300,2,1,1,200,0.9942689538,0.1067123264,-0.006458295509,0.2866021693,-0.09296028316,0.8928108811,0.4407347739,2.212178946,0.05279786885,-0.4376085401,0.8976141214,-0.059688095
165483410060500,1,1,1,200,0.9942689538,0.1067123264,-0.006458295509,0.2866021693,-0.09296028316,0.8928108811,0.4407347739,3.212178946,0.05279786885,-0.4376085401,0.8976141214,-0.059688095
165483425629400,2,1,1,200,0.9942689538,0.1067123264,-0.006458295509,0.2866021693,-0.09296028316,0.8928108811,0.4407347739,2.212178946,0.05279786885,-0.4376085401,0.8976141214,-0.059688095
165483425676700,1,1,1,200,0.9942689538,0.1067123264,-0.006458295509,0.2866021693,-0.09296028316,0.8928108811,0.4407347739,3.212178946,0.05279786885,-0.4376085401,0.8976141214,-0.059688095
